locus_tag	ftype	length_bp	gene	EC_number	COG	product
VFISSCOL1_00001	gene	1188	tufA			
VFISSCOL1_00001	CDS	1188	tufA		COG0050	Elongation factor Tu
VFISSCOL1_00002	gene	73				
VFISSCOL1_00002	tRNA	73				tRNA-Trp(cca)
VFISSCOL1_00003	gene	369	rplK			
VFISSCOL1_00003	CDS	369	rplK		COG0080	50S ribosomal protein L11
VFISSCOL1_00004	gene	615				
VFISSCOL1_00004	CDS	615				hypothetical protein
VFISSCOL1_00005	gene	441				
VFISSCOL1_00005	CDS	441				hypothetical protein
VFISSCOL1_00006	gene	342	rplL			
VFISSCOL1_00006	CDS	342	rplL		COG0222	50S ribosomal protein L7/L12
VFISSCOL1_00007	gene	3870	rpoB			
VFISSCOL1_00007	CDS	3870	rpoB	2.7.7.6	COG0085	DNA-directed RNA polymerase subunit beta
VFISSCOL1_00008	gene	3855	rpoC			
VFISSCOL1_00008	CDS	3855	rpoC	2.7.7.6	COG0086	DNA-directed RNA polymerase subunit beta'
VFISSCOL1_00009	gene	384	rpsL			
VFISSCOL1_00009	CDS	384	rpsL		COG0048	30S ribosomal protein S12
VFISSCOL1_00010	gene	483	rpsG			
VFISSCOL1_00010	CDS	483	rpsG		COG0049	30S ribosomal protein S7
VFISSCOL1_00011	gene	2037	fusA			
VFISSCOL1_00011	CDS	2037	fusA		COG0480	Elongation factor G
VFISSCOL1_00012	gene	300	rpsJ			
VFISSCOL1_00012	CDS	300	rpsJ		COG0051	30S ribosomal protein S10
VFISSCOL1_00013	gene	73				
VFISSCOL1_00013	tRNA	73				tRNA-Phe(gaa)
VFISSCOL1_00014	gene	444				
VFISSCOL1_00014	CDS	444				hypothetical protein
VFISSCOL1_00015	gene	786	glyQ			
VFISSCOL1_00015	CDS	786	glyQ	6.1.1.14	COG0752	Glycine--tRNA ligase alpha subunit
VFISSCOL1_00016	gene	183				
VFISSCOL1_00016	CDS	183				hypothetical protein
VFISSCOL1_00017	gene	1299				
VFISSCOL1_00017	CDS	1299				hypothetical protein
VFISSCOL1_00018	gene	708	rsmA			
VFISSCOL1_00018	CDS	708	rsmA	2.1.1.182	COG0030	Ribosomal RNA small subunit methyltransferase A
VFISSCOL1_00019	gene	1158				
VFISSCOL1_00019	CDS	1158				hypothetical protein
VFISSCOL1_00020	gene	390	rpsI			
VFISSCOL1_00020	CDS	390	rpsI		COG0103	30S ribosomal protein S9
VFISSCOL1_00021	gene	309	rplM			
VFISSCOL1_00021	CDS	309	rplM		COG0102	50S ribosomal protein L13
VFISSCOL1_00022	gene	786	dapF			
VFISSCOL1_00022	CDS	786	dapF	5.1.1.7	COG0253	Diaminopimelate epimerase
VFISSCOL1_00023	gene	657	rpiA			
VFISSCOL1_00023	CDS	657	rpiA	5.3.1.6		Ribose-5-phosphate isomerase A
VFISSCOL1_00024	gene	1527	infB			
VFISSCOL1_00024	CDS	1527	infB			Translation initiation factor IF-2
VFISSCOL1_00025	gene	72				
VFISSCOL1_00025	tRNA	72				tRNA-Gln(ttg)
VFISSCOL1_00026	gene	933	prs			
VFISSCOL1_00026	CDS	933	prs	2.7.6.1	COG0462	Ribose-phosphate pyrophosphokinase
VFISSCOL1_00027	gene	513				
VFISSCOL1_00027	CDS	513				hypothetical protein
VFISSCOL1_00028	gene	552	rsmD			
VFISSCOL1_00028	CDS	552	rsmD	2.1.1.171	COG0742	Ribosomal RNA small subunit methyltransferase D
VFISSCOL1_00029	gene	1134	iscS			
VFISSCOL1_00029	CDS	1134	iscS	2.8.1.7	COG1104	Cysteine desulfurase IscS
VFISSCOL1_00030	gene	1347	lysS			
VFISSCOL1_00030	CDS	1347	lysS	6.1.1.6		Lysine--tRNA ligase
VFISSCOL1_00031	gene	717	prfB			
VFISSCOL1_00031	CDS	717	prfB		COG1186	Peptide chain release factor RF2
VFISSCOL1_00032	gene	861	dapA			
VFISSCOL1_00032	CDS	861	dapA	4.3.3.7	COG0329	4-hydroxy-tetrahydrodipicolinate synthase
VFISSCOL1_00033	gene	303	tilS_1			
VFISSCOL1_00033	CDS	303	tilS_1	6.3.4.19		tRNA(Ile)-lysidine synthase
VFISSCOL1_00034	gene	1848	tilS_2			
VFISSCOL1_00034	CDS	1848	tilS_2	6.3.4.19		tRNA(Ile)-lysidine synthase
VFISSCOL1_00035	gene	86				
VFISSCOL1_00035	tRNA	86				tRNA-Ser(gct)
VFISSCOL1_00036	gene	183				
VFISSCOL1_00036	CDS	183				hypothetical protein
VFISSCOL1_00037	gene	2298				
VFISSCOL1_00037	CDS	2298				hypothetical protein
VFISSCOL1_00038	gene	138				
VFISSCOL1_00038	CDS	138				hypothetical protein
VFISSCOL1_00039	gene	195				
VFISSCOL1_00039	CDS	195				hypothetical protein
VFISSCOL1_00040	gene	669				
VFISSCOL1_00040	CDS	669				hypothetical protein
VFISSCOL1_00041	gene	1149	metC			
VFISSCOL1_00041	CDS	1149	metC	4.4.1.13	COG0626	Cystathionine beta-lyase
VFISSCOL1_00042	gene	876	prfA			
VFISSCOL1_00042	CDS	876	prfA			Peptide chain release factor 1
VFISSCOL1_00043	gene	765	trpC			
VFISSCOL1_00043	CDS	765	trpC	4.1.1.48	COG0134	Indole-3-glycerol phosphate synthase
VFISSCOL1_00044	gene	984	trpD			
VFISSCOL1_00044	CDS	984	trpD	2.4.2.18	COG0547	Anthranilate phosphoribosyltransferase
VFISSCOL1_00045	gene	588	pabA			
VFISSCOL1_00045	CDS	588	pabA	2.6.1.85	COG0512	Aminodeoxychorismate/anthranilate synthase component 2
VFISSCOL1_00046	gene	1257	menF			
VFISSCOL1_00046	CDS	1257	menF	5.4.4.2		Isochorismate synthase MenF
VFISSCOL1_00047	gene	1404	argH			
VFISSCOL1_00047	CDS	1404	argH	4.3.2.1	COG0165	Argininosuccinate lyase
VFISSCOL1_00048	gene	1194	glnS			
VFISSCOL1_00048	CDS	1194	glnS	6.1.1.18	COG0008	Glutamine--tRNA ligase
VFISSCOL1_00049	gene	963	thrB			
VFISSCOL1_00049	CDS	963	thrB	2.7.1.39	COG2334	Homoserine kinase
VFISSCOL1_00050	gene	1335	dnaG			
VFISSCOL1_00050	CDS	1335	dnaG	2.7.7.-	COG0358	DNA primase
VFISSCOL1_00051	gene	1428	rpoD			
VFISSCOL1_00051	CDS	1428	rpoD			RNA polymerase sigma factor RpoD
VFISSCOL1_00052	gene	72				
VFISSCOL1_00052	tRNA	72				tRNA-Met(cat)
VFISSCOL1_00053	gene	2958	dnaE			
VFISSCOL1_00053	CDS	2958	dnaE	2.7.7.7	COG0587	DNA polymerase III subunit alpha
VFISSCOL1_00054	gene	159	rpsO			
VFISSCOL1_00054	CDS	159	rpsO			30S ribosomal protein S15
VFISSCOL1_00055	gene	73				
VFISSCOL1_00055	tRNA	73				tRNA-Leu(tag)
VFISSCOL1_00056	gene	90				
VFISSCOL1_00056	tRNA	90				tRNA-Ser(aga)
VFISSCOL1_00057	gene	1020	asd1			
VFISSCOL1_00057	CDS	1020	asd1	1.2.1.11	COG0136	Aspartate-semialdehyde dehydrogenase 1
VFISSCOL1_00058	gene	633	trpF			
VFISSCOL1_00058	CDS	633	trpF	5.3.1.24	COG0135	N-(5'-phosphoribosyl)anthranilate isomerase
VFISSCOL1_00059	gene	1137	trpB			
VFISSCOL1_00059	CDS	1137	trpB	4.2.1.20	COG0133	Tryptophan synthase beta chain
VFISSCOL1_00060	gene	735	trpA			
VFISSCOL1_00060	CDS	735	trpA	4.2.1.20		Tryptophan synthase alpha chain
VFISSCOL1_00061	gene	261				
VFISSCOL1_00061	CDS	261				hypothetical protein
VFISSCOL1_00062	gene	219				
VFISSCOL1_00062	CDS	219				hypothetical protein
VFISSCOL1_00063	gene	72				
VFISSCOL1_00063	tRNA	72				tRNA-Asn(gtt)
VFISSCOL1_00064	gene	71				
VFISSCOL1_00064	tRNA	71				tRNA-Cys(gca)
VFISSCOL1_00065	gene	74				
VFISSCOL1_00065	tRNA	74				tRNA-Gly(gcc)
VFISSCOL1_00066	gene	534	dnaQ			
VFISSCOL1_00066	CDS	534	dnaQ	2.7.7.7	COG0847	DNA polymerase III subunit epsilon
VFISSCOL1_00067	gene	1068	carA			
VFISSCOL1_00067	CDS	1068	carA	6.3.5.5	COG0505	Carbamoyl-phosphate synthase small chain
VFISSCOL1_00068	gene	3084	carB			
VFISSCOL1_00068	CDS	3084	carB	6.3.5.5	COG0458	Carbamoyl-phosphate synthase large chain
VFISSCOL1_00069	gene	543	rlmE			
VFISSCOL1_00069	CDS	543	rlmE	2.1.1.166	COG0293	Ribosomal RNA large subunit methyltransferase E
VFISSCOL1_00070	gene	543	clpP			
VFISSCOL1_00070	CDS	543	clpP	3.4.21.92	COG0740	ATP-dependent Clp protease proteolytic subunit
VFISSCOL1_00071	gene	1146	clpX			
VFISSCOL1_00071	CDS	1146	clpX		COG1219	ATP-dependent Clp protease ATP-binding subunit ClpX
VFISSCOL1_00072	gene	72				
VFISSCOL1_00072	tRNA	72				tRNA-Val(tac)
VFISSCOL1_00073	gene	750				
VFISSCOL1_00073	CDS	750				hypothetical protein
VFISSCOL1_00074	gene	1062	dnaX			
VFISSCOL1_00074	CDS	1062	dnaX	2.7.7.7	COG2812	DNA polymerase III subunit tau
VFISSCOL1_00075	gene	82				
VFISSCOL1_00075	tRNA	82				tRNA-Leu(caa)
VFISSCOL1_00076	gene	87				
VFISSCOL1_00076	tRNA	87				tRNA-Ser(tga)
VFISSCOL1_00077	gene	72				
VFISSCOL1_00077	tRNA	72				tRNA-Arg(gcg)
VFISSCOL1_00078	gene	666	hisG			
VFISSCOL1_00078	CDS	666	hisG	2.4.2.17	COG0040	ATP phosphoribosyltransferase
VFISSCOL1_00079	gene	1245	hisD			
VFISSCOL1_00079	CDS	1245	hisD	1.1.1.23	COG0141	Histidinol dehydrogenase
VFISSCOL1_00080	gene	975	hisC2			
VFISSCOL1_00080	CDS	975	hisC2	2.6.1.9	COG0079	Histidinol-phosphate aminotransferase 2
VFISSCOL1_00081	gene	585	hisB			
VFISSCOL1_00081	CDS	585	hisB	4.2.1.19		Imidazoleglycerol-phosphate dehydratase
VFISSCOL1_00082	gene	606	hisH			
VFISSCOL1_00082	CDS	606	hisH	4.3.2.10	COG0118	Imidazole glycerol phosphate synthase subunit HisH
VFISSCOL1_00083	gene	699	hisA			
VFISSCOL1_00083	CDS	699	hisA	5.3.1.16	COG0106	1-(5-phosphoribosyl)-5-[(5-phosphoribosylamino)methylideneamino] imidazole-4-carboxamide isomerase
VFISSCOL1_00084	gene	729	hisF			
VFISSCOL1_00084	CDS	729	hisF	4.3.2.10	COG0107	Imidazole glycerol phosphate synthase subunit HisF
VFISSCOL1_00085	gene	282	hisI_1			
VFISSCOL1_00085	CDS	282	hisI_1	3.5.4.19	COG0139	Phosphoribosyl-AMP cyclohydrolase
VFISSCOL1_00086	gene	249	hisI_2			
VFISSCOL1_00086	CDS	249	hisI_2	3.5.4.19		Histidine biosynthesis bifunctional protein HisIE
VFISSCOL1_00087	gene	71				
VFISSCOL1_00087	tRNA	71				tRNA-Thr(tgt)
VFISSCOL1_00088	gene	73				
VFISSCOL1_00088	tRNA	73				tRNA-His(gtg)
VFISSCOL1_00089	gene	810	argF			
VFISSCOL1_00089	CDS	810	argF	2.1.3.3	COG0078	Ornithine carbamoyltransferase 1, anabolic
VFISSCOL1_00090	gene	74				
VFISSCOL1_00090	tRNA	74				tRNA-Lys(ttt)
VFISSCOL1_00091	gene	342	rplT			
VFISSCOL1_00091	CDS	342	rplT		COG0292	50S ribosomal protein L20
VFISSCOL1_00092	gene	180				
VFISSCOL1_00092	CDS	180				hypothetical protein
VFISSCOL1_00093	gene	465	infC			
VFISSCOL1_00093	CDS	465	infC		COG0290	Translation initiation factor IF-3
VFISSCOL1_00094	gene	1059	aroC			
VFISSCOL1_00094	CDS	1059	aroC	4.2.3.5	COG0082	Chorismate synthase
VFISSCOL1_00095	gene	74				
VFISSCOL1_00095	tRNA	74				tRNA-Arg(tct)
VFISSCOL1_00096	gene	195				
VFISSCOL1_00096	CDS	195				hypothetical protein
VFISSCOL1_00097	gene	73				
VFISSCOL1_00097	tRNA	73				tRNA-Met(cat)
VFISSCOL1_00098	gene	73				
VFISSCOL1_00098	tRNA	73				tRNA-Pro(tgg)
VFISSCOL1_00099	gene	378				
VFISSCOL1_00099	CDS	378				hypothetical protein
VFISSCOL1_00100	gene	519				
VFISSCOL1_00100	CDS	519				hypothetical protein
VFISSCOL1_00101	gene	1041				
VFISSCOL1_00101	CDS	1041				hypothetical protein
VFISSCOL1_00102	gene	1083	aspC			
VFISSCOL1_00102	CDS	1083	aspC	2.6.1.1	COG0436	Aspartate aminotransferase
VFISSCOL1_00103	gene	783	dapD			
VFISSCOL1_00103	CDS	783	dapD	2.3.1.117	COG2171	2,3,4,5-tetrahydropyridine-2,6-dicarboxylate N-succinyltransferase
VFISSCOL1_00104	gene	1092	dapE			
VFISSCOL1_00104	CDS	1092	dapE	3.5.1.18	COG0624	Succinyl-diaminopimelate desuccinylase
VFISSCOL1_00105	gene	1353	thrC			
VFISSCOL1_00105	CDS	1353	thrC	4.2.3.1	COG0498	Threonine synthase
VFISSCOL1_00106	gene	1173	hom			
VFISSCOL1_00106	CDS	1173	hom	1.1.1.3	COG0460	Homoserine dehydrogenase
VFISSCOL1_00107	gene	1275	dnaB			
VFISSCOL1_00107	CDS	1275	dnaB	3.6.4.12	COG0305	Replicative DNA helicase
VFISSCOL1_00108	gene	159				
VFISSCOL1_00108	CDS	159				hypothetical protein
VFISSCOL1_00109	gene	252				
VFISSCOL1_00109	CDS	252				hypothetical protein
VFISSCOL1_00110	gene	297	trxA			
VFISSCOL1_00110	CDS	297	trxA		COG0526	Thioredoxin
VFISSCOL1_00111	gene	237				
VFISSCOL1_00111	CDS	237				hypothetical protein
VFISSCOL1_00112	gene	73				
VFISSCOL1_00112	tRNA	73				tRNA-Asp(gtc)
VFISSCOL1_00113	gene	74				
VFISSCOL1_00113	tRNA	74				tRNA-Glu(ttc)
VFISSCOL1_00114	gene	1308	mnmE			
VFISSCOL1_00114	CDS	1308	mnmE	3.6.-.-	COG0486	tRNA modification GTPase MnmE
VFISSCOL1_00115	gene	1839	mnmG			
VFISSCOL1_00115	CDS	1839	mnmG		COG0445	tRNA uridine 5-carboxymethylaminomethyl modification enzyme MnmG
VFISSCOL1_00116	gene	264	groS			
VFISSCOL1_00116	CDS	264	groS			10 kDa chaperonin
VFISSCOL1_00117	gene	1599	groL			
VFISSCOL1_00117	CDS	1599	groL		COG0459	60 kDa chaperonin
VFISSCOL1_00118	gene	1242	aroA			
VFISSCOL1_00118	CDS	1242	aroA	2.5.1.19	COG0128	3-phosphoshikimate 1-carboxyvinyltransferase
VFISSCOL1_00119	gene	1107	rpsA			
VFISSCOL1_00119	CDS	1107	rpsA		COG0539	30S ribosomal protein S1
VFISSCOL1_00120	gene	1080				
VFISSCOL1_00120	CDS	1080				hypothetical protein
VFISSCOL1_00121	gene	612				
VFISSCOL1_00121	CDS	612				hypothetical protein
VFISSCOL1_00122	gene	1005	dnaJ			
VFISSCOL1_00122	CDS	1005	dnaJ		COG0484	Chaperone protein DnaJ
VFISSCOL1_00123	gene	1806	dnaK			
VFISSCOL1_00123	CDS	1806	dnaK		COG0443	Chaperone protein DnaK
VFISSCOL1_00124	gene	447	grpE			
VFISSCOL1_00124	CDS	447	grpE		COG0576	Protein GrpE
VFISSCOL1_00125	gene	948	aroG			
VFISSCOL1_00125	CDS	948	aroG	2.5.1.54	COG0722	Phospho-2-dehydro-3-deoxyheptonate aldolase, Phe-sensitive
VFISSCOL1_00126	gene	1014	mnmA			
VFISSCOL1_00126	CDS	1014	mnmA	2.8.1.13		tRNA-specific 2-thiouridylase MnmA
VFISSCOL1_00127	gene	687				
VFISSCOL1_00127	CDS	687				hypothetical protein
VFISSCOL1_00128	gene	2262	leuS			
VFISSCOL1_00128	CDS	2262	leuS	6.1.1.4	COG0495	Leucine--tRNA ligase
VFISSCOL1_00129	gene	657	dapB			
VFISSCOL1_00129	CDS	657	dapB	1.17.1.8	COG0289	4-hydroxy-tetrahydrodipicolinate reductase
VFISSCOL1_00130	gene	1227	maeB			
VFISSCOL1_00130	CDS	1227	maeB	1.1.1.40	COG0280	NADP-dependent malic enzyme
VFISSCOL1_00131	gene	231				
VFISSCOL1_00131	CDS	231				hypothetical protein
VFISSCOL1_00132	gene	459				
VFISSCOL1_00132	CDS	459				hypothetical protein
VFISSCOL1_00133	gene	480	aroE			
VFISSCOL1_00133	CDS	480	aroE	1.1.1.25	COG0169	Shikimate dehydrogenase (NADP(+))
VFISSCOL1_00134	gene	429	aroQ1			
VFISSCOL1_00134	CDS	429	aroQ1	4.2.1.10	COG0757	3-dehydroquinate dehydratase 1
VFISSCOL1_00135	gene	666				
VFISSCOL1_00135	CDS	666				hypothetical protein
VFISSCOL1_00136	gene	246	rpmA			
VFISSCOL1_00136	CDS	246	rpmA		COG0211	50S ribosomal protein L27
VFISSCOL1_00137	gene	327				
VFISSCOL1_00137	CDS	327				hypothetical protein
VFISSCOL1_00138	gene	804	rsmH			
VFISSCOL1_00138	CDS	804	rsmH	2.1.1.199	COG0275	Ribosomal RNA small subunit methyltransferase H
VFISSCOL1_00139	gene	72				
VFISSCOL1_00139	tRNA	72				tRNA-Ala(tgc)
VFISSCOL1_00140	gene	1212	argG			
VFISSCOL1_00140	CDS	1212	argG	6.3.4.5	COG0137	Argininosuccinate synthase
VFISSCOL1_00141	gene	2744				
VFISSCOL1_00141	rRNA	2744				23S ribosomal RNA
VFISSCOL1_00142	gene	546				
VFISSCOL1_00142	CDS	546				hypothetical protein
VFISSCOL1_00143	gene	135				
VFISSCOL1_00143	CDS	135				hypothetical protein
VFISSCOL1_00144	gene	72				
VFISSCOL1_00144	tRNA	72				tRNA-Ile(gat)
VFISSCOL1_00145	gene	1488				
VFISSCOL1_00145	rRNA	1488				16S ribosomal RNA
VFISSCOL1_00146	gene	171				
VFISSCOL1_00146	CDS	171				hypothetical protein
VFISSCOL1_00147	gene	432	rplC			
VFISSCOL1_00147	CDS	432	rplC		COG0087	50S ribosomal protein L3
VFISSCOL1_00148	gene	612				
VFISSCOL1_00148	CDS	612				hypothetical protein
VFISSCOL1_00149	gene	174				
VFISSCOL1_00149	CDS	174				hypothetical protein
VFISSCOL1_00150	gene	792	rplB			
VFISSCOL1_00150	CDS	792	rplB		COG0090	50S ribosomal protein L2
VFISSCOL1_00151	gene	285	rpsS			
VFISSCOL1_00151	CDS	285	rpsS		COG0185	30S ribosomal protein S19
VFISSCOL1_00152	gene	345				
VFISSCOL1_00152	CDS	345				hypothetical protein
VFISSCOL1_00153	gene	639	rpsC			
VFISSCOL1_00153	CDS	639	rpsC		COG0092	30S ribosomal protein S3
VFISSCOL1_00154	gene	420	rplP			
VFISSCOL1_00154	CDS	420	rplP		COG0197	50S ribosomal protein L16
VFISSCOL1_00155	gene	237				
VFISSCOL1_00155	CDS	237				hypothetical protein
VFISSCOL1_00156	gene	366	rplN			
VFISSCOL1_00156	CDS	366	rplN		COG0093	50S ribosomal protein L14
VFISSCOL1_00157	gene	552	rplE			
VFISSCOL1_00157	CDS	552	rplE		COG0094	50S ribosomal protein L5
VFISSCOL1_00158	gene	303	rpsN			
VFISSCOL1_00158	CDS	303	rpsN		COG0199	30S ribosomal protein S14
VFISSCOL1_00159	gene	366				
VFISSCOL1_00159	CDS	366				hypothetical protein
VFISSCOL1_00160	gene	534	rplF			
VFISSCOL1_00160	CDS	534	rplF			50S ribosomal protein L6
VFISSCOL1_00161	gene	336				
VFISSCOL1_00161	CDS	336				hypothetical protein
VFISSCOL1_00162	gene	426	rpsE			
VFISSCOL1_00162	CDS	426	rpsE		COG0098	30S ribosomal protein S5
VFISSCOL1_00163	gene	348	rplO			
VFISSCOL1_00163	CDS	348	rplO		COG0200	50S ribosomal protein L15
VFISSCOL1_00164	gene	216	infA			
VFISSCOL1_00164	CDS	216	infA			Translation initiation factor IF-1
VFISSCOL1_00165	gene	114				
VFISSCOL1_00165	CDS	114				hypothetical protein
VFISSCOL1_00166	gene	339	rpsM			
VFISSCOL1_00166	CDS	339	rpsM		COG0099	30S ribosomal protein S13
VFISSCOL1_00167	gene	342	rpsK			
VFISSCOL1_00167	CDS	342	rpsK			30S ribosomal protein S11
VFISSCOL1_00168	gene	567	rpsD			
VFISSCOL1_00168	CDS	567	rpsD		COG0522	30S ribosomal protein S4
VFISSCOL1_00169	gene	636	rpoA			
VFISSCOL1_00169	CDS	636	rpoA	2.7.7.6		DNA-directed RNA polymerase subunit alpha
VFISSCOL1_00170	gene	303				
VFISSCOL1_00170	CDS	303				hypothetical protein
VFISSCOL1_00171	gene	1113	lysA			
VFISSCOL1_00171	CDS	1113	lysA	4.1.1.20	COG0019	Diaminopimelate decarboxylase
VFISSCOL1_00172	gene	1062	aroB			
VFISSCOL1_00172	CDS	1062	aroB	4.2.3.4		3-dehydroquinate synthase
VFISSCOL1_00173	gene	72				
VFISSCOL1_00173	tRNA	72				tRNA-Met(cat)
VFISSCOL1_00174	gene	105				
VFISSCOL1_00174	CDS	105				hypothetical protein
VFISSCOL1_00175	gene	85				
VFISSCOL1_00175	tRNA	85				tRNA-Tyr(gta)
VFISSCOL1_00176	gene	71				
VFISSCOL1_00176	tRNA	71				tRNA-Gly(tcc)
